epoch,time,train/box_loss,train/cls_loss,train/dfl_loss,metrics/precision(B),metrics/recall(B),metrics/mAP50(B),metrics/mAP50-95(B),val/box_loss,val/cls_loss,val/dfl_loss,lr/pg0,lr/pg1,lr/pg2
1,8.17552,1.17458,3.40391,1.1482,0.2178,0.57758,0.17997,0.13187,0.92906,inf,0.87606,0.00018,0.00018,0.00018
2,151.479,0.9557,2.76215,0.94723,0.25945,0.68802,0.29434,0.19826,1.06014,inf,0.89787,0.000378746,0.000378746,0.000378746
3,154.29,0.96305,2.26585,0.91661,0.29133,0.77257,0.36068,0.23912,1.09356,inf,0.91317,0.000576172,0.000576172,0.000576172
4,156.912,0.97917,1.62424,0.9163,0.28643,0.75957,0.37958,0.25833,1.16374,inf,0.9246,0.000772278,0.000772278,0.000772278
5,159.606,0.96508,1.16618,0.90754,0.68644,0.56552,0.66103,0.4889,1.05402,inf,0.89456,0.000967064,0.000967064,0.000967064
6,162.331,0.91956,0.92213,0.90264,0.96546,0.57258,0.85058,0.62164,1.07813,1.83059,0.89829,0.00116053,0.00116053,0.00116053
7,165.095,0.90628,0.7799,0.90921,0.9006,0.82915,0.92406,0.69577,0.97742,1.34494,0.88512,0.00135268,0.00135268,0.00135268
8,167.934,0.89904,0.75147,0.90939,0.88825,0.92627,0.93714,0.71835,0.90482,0.89652,0.88426,0.0015435,0.0015435,0.0015435
9,170.69,0.87178,0.67229,0.89861,0.90266,0.92481,0.94316,0.71649,0.92356,0.68429,0.89809,0.00173301,0.00173301,0.00173301
10,173.377,0.88423,0.63708,0.89501,0.89323,0.93064,0.93911,0.69697,0.95988,0.77616,0.90945,0.00192119,0.00192119,0.00192119
11,175.958,0.89193,0.63324,0.89923,0.89113,0.92055,0.93124,0.71211,0.89252,0.87707,0.90115,0.001934,0.001934,0.001934
12,178.574,0.88686,0.60812,0.90042,0.8471,0.94488,0.91505,0.70048,0.87809,1.12374,0.89878,0.0019274,0.0019274,0.0019274
13,181.221,0.85752,0.59466,0.89432,0.86413,0.94582,0.93046,0.70399,0.89632,1.03993,0.90099,0.0019208,0.0019208,0.0019208
14,183.888,0.8273,0.58533,0.89286,0.84842,0.94551,0.93232,0.71523,0.8765,1.22132,0.90115,0.0019142,0.0019142,0.0019142
15,186.527,0.83437,0.55119,0.89388,0.86083,0.94218,0.93597,0.72583,0.85895,1.01706,0.89582,0.0019076,0.0019076,0.0019076
16,189.196,0.8421,0.54597,0.88277,0.86122,0.94218,0.92766,0.70751,0.90084,0.86093,0.89955,0.001901,0.001901,0.001901
17,191.789,0.82047,0.54481,0.89268,0.89542,0.93376,0.94767,0.73591,0.8609,0.74813,0.89439,0.0018944,0.0018944,0.0018944
18,194.366,0.8386,0.55302,0.89475,0.8618,0.93249,0.85343,0.63342,0.9092,0.72603,0.89258,0.0018878,0.0018878,0.0018878
19,196.933,0.80144,0.54013,0.88548,0.8915,0.92918,0.93916,0.7278,0.88491,0.65057,0.89583,0.0018812,0.0018812,0.0018812
20,199.601,0.80731,0.54379,0.88848,0.8872,0.93407,0.92014,0.69868,0.89568,0.59042,0.8887,0.0018746,0.0018746,0.0018746
21,202.334,0.83234,0.53828,0.8841,0.90481,0.93688,0.94366,0.73029,0.86854,0.57427,0.88141,0.001868,0.001868,0.001868
22,204.921,0.85486,0.54502,0.89823,0.90376,0.93655,0.95275,0.74802,0.85789,0.55704,0.88356,0.0018614,0.0018614,0.0018614
23,207.476,0.79701,0.51649,0.88711,0.88779,0.93712,0.93075,0.71992,0.87341,0.5895,0.88386,0.0018548,0.0018548,0.0018548
24,210.034,0.83274,0.52178,0.89987,0.8925,0.93344,0.93202,0.70714,0.93181,0.58693,0.89767,0.0018482,0.0018482,0.0018482
25,212.632,0.83963,0.52729,0.89862,0.88617,0.93875,0.92514,0.72149,0.87235,0.5759,0.88522,0.0018416,0.0018416,0.0018416
26,215.365,0.84136,0.54526,0.89291,0.89409,0.93584,0.9265,0.68985,0.95458,0.60054,0.90552,0.001835,0.001835,0.001835
27,217.978,0.81573,0.50737,0.89511,0.89977,0.94,0.93862,0.72494,0.86972,0.55822,0.88625,0.0018284,0.0018284,0.0018284
28,220.576,0.80446,0.51268,0.88737,0.90189,0.93975,0.94558,0.71505,0.93413,0.55394,0.90083,0.0018218,0.0018218,0.0018218
29,223.094,0.79809,0.49904,0.8796,0.89671,0.93833,0.92312,0.70983,0.87686,0.56818,0.88364,0.0018152,0.0018152,0.0018152
30,225.709,0.79156,0.49652,0.87029,0.90512,0.93752,0.94718,0.73586,0.86373,0.52501,0.88357,0.0018086,0.0018086,0.0018086
31,228.191,0.77295,0.483,0.88041,0.90996,0.93802,0.94997,0.72528,0.89654,0.52598,0.89305,0.001802,0.001802,0.001802
32,230.784,0.79725,0.48655,0.88454,0.89592,0.93639,0.93325,0.71508,0.89621,0.54039,0.8909,0.0017954,0.0017954,0.0017954
33,233.458,0.79281,0.48611,0.88359,0.90188,0.93355,0.93689,0.72622,0.86384,0.53517,0.88314,0.0017888,0.0017888,0.0017888
34,236.139,0.79243,0.49105,0.88559,0.89923,0.93885,0.93837,0.69595,0.96168,0.55768,0.90473,0.0017822,0.0017822,0.0017822
35,238.683,0.80307,0.48633,0.88012,0.88678,0.93916,0.90656,0.69132,0.86472,0.57073,0.87955,0.0017756,0.0017756,0.0017756
36,241.266,0.79319,0.48275,0.88149,0.90004,0.93698,0.9444,0.73758,0.87002,0.52713,0.88715,0.001769,0.001769,0.001769
37,243.771,0.75091,0.46309,0.87586,0.88473,0.93782,0.87779,0.66551,0.8801,0.56933,0.88177,0.0017624,0.0017624,0.0017624
38,246.473,0.77673,0.47232,0.87742,0.90699,0.94124,0.95258,0.74886,0.84995,0.50375,0.88141,0.0017558,0.0017558,0.0017558
39,249.063,0.76184,0.46615,0.88094,0.89888,0.93922,0.94631,0.73122,0.88791,0.52863,0.88592,0.0017492,0.0017492,0.0017492
40,251.741,0.76711,0.47372,0.87932,0.89084,0.94036,0.92936,0.72429,0.85728,0.5241,0.88125,0.0017426,0.0017426,0.0017426
41,254.326,0.76061,0.46441,0.88052,0.90073,0.9375,0.94771,0.74141,0.85843,0.51121,0.88332,0.001736,0.001736,0.001736
42,256.871,0.7489,0.45728,0.86925,0.89269,0.93729,0.92703,0.70174,0.90643,0.5383,0.8905,0.0017294,0.0017294,0.0017294
43,259.41,0.74817,0.45065,0.87794,0.88603,0.9376,0.90604,0.69649,0.8847,0.53445,0.88837,0.0017228,0.0017228,0.0017228
44,261.989,0.73131,0.44799,0.86306,0.88499,0.93783,0.90172,0.69429,0.86985,0.52228,0.88442,0.0017162,0.0017162,0.0017162
45,264.654,0.74385,0.4483,0.87755,0.89428,0.9351,0.93011,0.72548,0.8555,0.50662,0.88115,0.0017096,0.0017096,0.0017096
46,267.3,0.74442,0.44428,0.87004,0.89623,0.93948,0.93859,0.73054,0.85735,0.51677,0.8823,0.001703,0.001703,0.001703
47,269.914,0.76933,0.46587,0.88413,0.90194,0.93729,0.94776,0.7382,0.87018,0.50995,0.88296,0.0016964,0.0016964,0.0016964
48,272.455,0.73538,0.45584,0.87422,0.89487,0.93919,0.94521,0.73587,0.88011,0.50595,0.88582,0.0016898,0.0016898,0.0016898
49,274.952,0.76332,0.4582,0.87286,0.88324,0.93563,0.88696,0.68934,0.85313,0.52963,0.87805,0.0016832,0.0016832,0.0016832
50,277.519,0.74988,0.443,0.86734,0.89536,0.93542,0.94528,0.72946,0.8904,0.5169,0.89245,0.0016766,0.0016766,0.0016766
51,280.177,0.75705,0.44449,0.87193,0.89488,0.93708,0.93639,0.73092,0.84588,0.50544,0.87757,0.00167,0.00167,0.00167
52,282.881,0.73943,0.45368,0.87384,0.88796,0.94873,0.94499,0.74474,0.84378,0.49091,0.87994,0.0016634,0.0016634,0.0016634
53,285.497,0.75041,0.44998,0.88309,0.8859,0.94068,0.93018,0.72582,0.87117,0.51112,0.8841,0.0016568,0.0016568,0.0016568
54,288.188,0.72646,0.4533,0.88114,0.89072,0.93236,0.93851,0.73196,0.88418,0.53111,0.88789,0.0016502,0.0016502,0.0016502
55,290.849,0.76094,0.4436,0.86688,0.90459,0.9349,0.9499,0.74302,0.86502,0.50581,0.88393,0.0016436,0.0016436,0.0016436
56,293.437,0.71729,0.43585,0.86755,0.90713,0.93792,0.94526,0.73244,0.87626,0.50731,0.88333,0.001637,0.001637,0.001637
57,295.97,0.7603,0.45191,0.87796,0.9056,0.94075,0.946,0.73306,0.87525,0.50306,0.88373,0.0016304,0.0016304,0.0016304
58,298.67,0.73195,0.42862,0.87241,0.90448,0.93979,0.95246,0.7349,0.89842,0.49468,0.89193,0.0016238,0.0016238,0.0016238
59,301.375,0.74068,0.42663,0.87081,0.90195,0.93942,0.95165,0.74896,0.84412,0.49734,0.87825,0.0016172,0.0016172,0.0016172
60,304.006,0.7444,0.43352,0.87256,0.8863,0.94041,0.9357,0.72107,0.89884,0.5151,0.89155,0.0016106,0.0016106,0.0016106
61,306.578,0.75062,0.43726,0.87413,0.8897,0.94451,0.93652,0.73537,0.85117,0.49816,0.88226,0.001604,0.001604,0.001604
62,309.174,0.74252,0.42298,0.86782,0.89711,0.94386,0.94421,0.72566,0.89583,0.49685,0.89452,0.0015974,0.0015974,0.0015974
63,311.712,0.75478,0.42515,0.87578,0.89756,0.94399,0.9381,0.73341,0.84651,0.48781,0.88182,0.0015908,0.0015908,0.0015908
64,314.401,0.75296,0.43809,0.86782,0.89565,0.94488,0.93939,0.73302,0.87379,0.49234,0.88853,0.0015842,0.0015842,0.0015842
65,317.071,0.76306,0.4363,0.87132,0.89466,0.94327,0.93461,0.72155,0.89195,0.50183,0.89229,0.0015776,0.0015776,0.0015776
66,319.694,0.74408,0.42956,0.87517,0.89491,0.94139,0.93617,0.7334,0.8516,0.49812,0.88111,0.001571,0.001571,0.001571
67,322.255,0.74175,0.41879,0.86972,0.89466,0.9459,0.9479,0.7323,0.8931,0.48706,0.89183,0.0015644,0.0015644,0.0015644
68,324.93,0.73908,0.4138,0.86838,0.89552,0.94844,0.94828,0.74482,0.85885,0.4726,0.88224,0.0015578,0.0015578,0.0015578
69,327.439,0.76167,0.42502,0.87477,0.8972,0.94844,0.94819,0.74193,0.86689,0.47652,0.88322,0.0015512,0.0015512,0.0015512
70,330.086,0.77173,0.42542,0.87532,0.8944,0.94353,0.93779,0.72152,0.89174,0.49052,0.88974,0.0015446,0.0015446,0.0015446
71,332.723,0.75426,0.4299,0.87189,0.89286,0.94113,0.93872,0.7353,0.84108,0.48338,0.87715,0.001538,0.001538,0.001538
72,335.307,0.75122,0.42094,0.86967,0.90823,0.93958,0.95354,0.74061,0.87831,0.48199,0.88679,0.0015314,0.0015314,0.0015314
73,337.829,0.73156,0.41655,0.86333,0.9087,0.94405,0.95559,0.74779,0.87243,0.46646,0.88656,0.0015248,0.0015248,0.0015248
74,340.448,0.76406,0.42476,0.86744,0.89811,0.94717,0.95183,0.73867,0.87566,0.48569,0.8852,0.0015182,0.0015182,0.0015182
75,342.933,0.71702,0.40851,0.86857,0.89506,0.94551,0.94461,0.73921,0.85248,0.48075,0.88235,0.0015116,0.0015116,0.0015116
76,345.631,0.74455,0.42326,0.88021,0.89258,0.94617,0.94006,0.73111,0.87169,0.48317,0.88823,0.001505,0.001505,0.001505
77,348.238,0.70718,0.40627,0.867,0.89414,0.94513,0.93071,0.72616,0.84146,0.48141,0.87895,0.0014984,0.0014984,0.0014984
78,350.882,0.73183,0.41974,0.8639,0.90186,0.94709,0.952,0.74916,0.84382,0.46387,0.87811,0.0014918,0.0014918,0.0014918
79,353.379,0.69078,0.38866,0.86086,0.90327,0.94696,0.95367,0.75262,0.84399,0.45241,0.87998,0.0014852,0.0014852,0.0014852
80,355.952,0.74279,0.41022,0.87565,0.90467,0.9453,0.94801,0.74372,0.85804,0.47889,0.88084,0.0014786,0.0014786,0.0014786
81,358.536,0.71843,0.4039,0.86713,0.89789,0.94842,0.95043,0.74737,0.84807,0.47214,0.88039,0.001472,0.001472,0.001472
82,361.219,0.70447,0.39928,0.8728,0.89202,0.95097,0.94964,0.74233,0.86069,0.47398,0.8827,0.0014654,0.0014654,0.0014654
83,363.857,0.7265,0.41003,0.8677,0.89582,0.94894,0.9443,0.74157,0.84453,0.47521,0.87847,0.0014588,0.0014588,0.0014588
84,366.496,0.72997,0.40312,0.86094,0.89734,0.9428,0.94249,0.73671,0.8601,0.48199,0.87987,0.0014522,0.0014522,0.0014522
85,369.077,0.72973,0.41515,0.86154,0.90085,0.94228,0.9506,0.74727,0.84785,0.47171,0.87917,0.0014456,0.0014456,0.0014456
86,371.647,0.72539,0.41105,0.86552,0.90509,0.93721,0.95136,0.7415,0.85687,0.4668,0.87916,0.001439,0.001439,0.001439
87,374.155,0.75316,0.4308,0.86795,0.90932,0.94173,0.95522,0.74902,0.86217,0.46331,0.88168,0.0014324,0.0014324,0.0014324
88,376.738,0.71103,0.40229,0.86342,0.90605,0.93064,0.9503,0.74593,0.85627,0.47147,0.88112,0.0014258,0.0014258,0.0014258
89,379.336,0.73832,0.40384,0.87063,0.90188,0.93009,0.94988,0.74466,0.85539,0.48351,0.88209,0.0014192,0.0014192,0.0014192
90,381.994,0.69566,0.39633,0.86277,0.89899,0.93483,0.94775,0.74079,0.8527,0.47577,0.88064,0.0014126,0.0014126,0.0014126
91,384.582,0.72292,0.40588,0.86342,0.89503,0.94524,0.94976,0.74267,0.85935,0.46586,0.88121,0.001406,0.001406,0.001406
92,387.254,0.7049,0.39435,0.86154,0.89655,0.94884,0.95149,0.74951,0.84847,0.45623,0.87919,0.0013994,0.0013994,0.0013994
93,389.764,0.72599,0.40614,0.86718,0.89716,0.9435,0.94477,0.74105,0.85581,0.4745,0.8801,0.0013928,0.0013928,0.0013928
94,392.325,0.72171,0.39845,0.86043,0.90036,0.93411,0.94837,0.73847,0.87837,0.47032,0.88313,0.0013862,0.0013862,0.0013862
95,394.937,0.74073,0.40443,0.86886,0.89937,0.93503,0.95035,0.75202,0.83554,0.45747,0.87576,0.0013796,0.0013796,0.0013796
96,397.578,0.69417,0.38233,0.86058,0.89711,0.94209,0.94822,0.7368,0.87933,0.46861,0.88602,0.001373,0.001373,0.001373
97,400.091,0.69187,0.38229,0.8619,0.89617,0.94561,0.94808,0.74075,0.86229,0.46397,0.88358,0.0013664,0.0013664,0.0013664
98,402.696,0.70924,0.38861,0.86729,0.89471,0.94553,0.95013,0.75215,0.83642,0.46595,0.87952,0.0013598,0.0013598,0.0013598
99,405.245,0.71912,0.39433,0.85824,0.89379,0.94634,0.94954,0.74465,0.85686,0.47184,0.88456,0.0013532,0.0013532,0.0013532
100,407.805,0.70648,0.39205,0.86475,0.89127,0.95008,0.94938,0.74323,0.86629,0.46161,0.88524,0.0013466,0.0013466,0.0013466
101,410.339,0.72855,0.40462,0.86918,0.89649,0.94927,0.94644,0.74598,0.83777,0.45878,0.87767,0.00134,0.00134,0.00134
102,412.924,0.71493,0.39148,0.86879,0.89629,0.94572,0.94041,0.73157,0.86476,0.47418,0.88417,0.0013334,0.0013334,0.0013334
103,415.5,0.70559,0.38388,0.8587,0.89443,0.9428,0.942,0.74601,0.82742,0.46976,0.8741,0.0013268,0.0013268,0.0013268
104,418.01,0.68758,0.377,0.85785,0.8956,0.94562,0.95081,0.74572,0.85728,0.45901,0.88125,0.0013202,0.0013202,0.0013202
105,420.563,0.7202,0.37754,0.86435,0.89779,0.94638,0.95341,0.75152,0.84661,0.45757,0.88018,0.0013136,0.0013136,0.0013136
106,423.099,0.72625,0.3851,0.86686,0.89781,0.94488,0.95194,0.75119,0.84112,0.45778,0.8788,0.001307,0.001307,0.001307
107,425.576,0.69526,0.38349,0.85602,0.89231,0.94634,0.94815,0.74592,0.84435,0.46163,0.88011,0.0013004,0.0013004,0.0013004
108,428.194,0.72345,0.38709,0.86283,0.89274,0.94696,0.95009,0.74473,0.84835,0.45997,0.88093,0.0012938,0.0012938,0.0012938
109,430.812,0.68395,0.37494,0.85785,0.90034,0.94218,0.95323,0.75336,0.83084,0.45833,0.87788,0.0012872,0.0012872,0.0012872
110,433.427,0.69843,0.38342,0.86579,0.91203,0.93805,0.95567,0.75305,0.85244,0.44543,0.88214,0.0012806,0.0012806,0.0012806
111,435.941,0.70105,0.37644,0.86579,0.9037,0.94488,0.95463,0.7534,0.84503,0.44705,0.88039,0.001274,0.001274,0.001274
112,438.511,0.69094,0.37204,0.85449,0.89818,0.94717,0.94458,0.73825,0.86187,0.46396,0.88439,0.0012674,0.0012674,0.0012674
113,441.013,0.71427,0.39001,0.87143,0.899,0.94925,0.95126,0.74619,0.85799,0.45016,0.88407,0.0012608,0.0012608,0.0012608
114,443.575,0.71294,0.38387,0.86759,0.89893,0.94525,0.95267,0.75223,0.84022,0.45716,0.87672,0.0012542,0.0012542,0.0012542
115,446.145,0.70624,0.37878,0.86488,0.89731,0.94093,0.95213,0.74133,0.88268,0.47802,0.88768,0.0012476,0.0012476,0.0012476
116,448.87,0.72435,0.38386,0.86167,0.89981,0.94062,0.95365,0.74506,0.86585,0.46907,0.88522,0.001241,0.001241,0.001241
117,451.393,0.68951,0.37231,0.8576,0.90078,0.94124,0.95484,0.75062,0.85131,0.45319,0.8805,0.0012344,0.0012344,0.0012344
118,453.969,0.69663,0.37661,0.85795,0.89496,0.94832,0.95354,0.74561,0.86318,0.46027,0.88431,0.0012278,0.0012278,0.0012278
119,456.449,0.69421,0.3696,0.86616,0.8951,0.94956,0.95319,0.7467,0.85653,0.44933,0.88411,0.0012212,0.0012212,0.0012212
120,458.947,0.67959,0.3627,0.86077,0.89678,0.94884,0.95225,0.74617,0.85677,0.44898,0.8837,0.0012146,0.0012146,0.0012146
121,461.517,0.69992,0.37647,0.86304,0.90329,0.94315,0.95375,0.7501,0.84874,0.43899,0.88075,0.001208,0.001208,0.001208
122,464.185,0.7054,0.38188,0.8607,0.89878,0.94852,0.95359,0.74808,0.85839,0.45138,0.88298,0.0012014,0.0012014,0.0012014
123,466.725,0.70112,0.37754,0.86013,0.89908,0.94965,0.95249,0.75177,0.84408,0.44403,0.87786,0.0011948,0.0011948,0.0011948
124,469.245,0.70427,0.375,0.86304,0.89295,0.94897,0.9447,0.74048,0.85344,0.46038,0.88126,0.0011882,0.0011882,0.0011882
125,471.77,0.69754,0.37441,0.85951,0.89831,0.94898,0.95027,0.73997,0.87548,0.45806,0.88784,0.0011816,0.0011816,0.0011816
126,474.308,0.70223,0.37666,0.86483,0.89947,0.94644,0.95258,0.7461,0.86138,0.45534,0.88396,0.001175,0.001175,0.001175
127,476.827,0.71211,0.37648,0.85798,0.90608,0.94004,0.9534,0.74236,0.88206,0.46108,0.88993,0.0011684,0.0011684,0.0011684
128,479.486,0.72303,0.38364,0.86564,0.90028,0.94197,0.95188,0.74146,0.87828,0.46195,0.88754,0.0011618,0.0011618,0.0011618
129,482.014,0.70506,0.37551,0.8685,0.89689,0.9444,0.95043,0.74339,0.8682,0.45494,0.88605,0.0011552,0.0011552,0.0011552
130,484.573,0.6912,0.37115,0.85856,0.89776,0.94785,0.94658,0.74265,0.85657,0.45018,0.88166,0.0011486,0.0011486,0.0011486
131,487.049,0.69652,0.37562,0.86304,0.89389,0.95175,0.94754,0.73791,0.87168,0.45433,0.88624,0.001142,0.001142,0.001142
132,489.551,0.70611,0.36857,0.85694,0.90338,0.94145,0.94844,0.73042,0.89813,0.47845,0.89532,0.0011354,0.0011354,0.0011354
133,492.038,0.70715,0.38308,0.86063,0.91857,0.93812,0.95443,0.74914,0.84921,0.45602,0.88043,0.0011288,0.0011288,0.0011288
134,494.622,0.71028,0.37914,0.87123,0.91809,0.93717,0.95612,0.74447,0.8787,0.45601,0.88826,0.0011222,0.0011222,0.0011222
135,497.176,0.70241,0.37185,0.86437,0.91531,0.93625,0.95634,0.75428,0.84208,0.45205,0.87977,0.0011156,0.0011156,0.0011156
136,499.724,0.71356,0.38006,0.85926,0.90135,0.94637,0.95575,0.75211,0.8591,0.44634,0.88234,0.001109,0.001109,0.001109
137,502.217,0.68432,0.37546,0.85747,0.89767,0.94786,0.95401,0.75454,0.83923,0.43608,0.87736,0.0011024,0.0011024,0.0011024
138,504.777,0.69695,0.36893,0.85665,0.89367,0.94946,0.94713,0.73526,0.87391,0.45528,0.88613,0.0010958,0.0010958,0.0010958
139,507.258,0.71413,0.3794,0.86609,0.89546,0.94781,0.94906,0.74256,0.856,0.45818,0.88049,0.0010892,0.0010892,0.0010892
140,509.945,0.69971,0.36959,0.85075,0.89404,0.94675,0.95178,0.74581,0.86691,0.45034,0.88624,0.0010826,0.0010826,0.0010826
141,512.494,0.67752,0.36068,0.85985,0.89526,0.94758,0.95056,0.74287,0.87085,0.45347,0.88768,0.001076,0.001076,0.001076
142,515.125,0.70574,0.37957,0.85868,0.89804,0.94717,0.94938,0.74202,0.86733,0.45183,0.88558,0.0010694,0.0010694,0.0010694
143,517.61,0.69328,0.38225,0.86012,0.89856,0.94609,0.95041,0.74389,0.86554,0.44386,0.88605,0.0010628,0.0010628,0.0010628
144,520.143,0.70368,0.37667,0.85705,0.89768,0.94615,0.94499,0.74282,0.84071,0.46334,0.87973,0.0010562,0.0010562,0.0010562
145,522.592,0.70419,0.38098,0.8585,0.89463,0.94613,0.93875,0.73538,0.84473,0.46347,0.87893,0.0010496,0.0010496,0.0010496
146,525.163,0.70573,0.37569,0.86287,0.89557,0.94998,0.9499,0.75176,0.83721,0.44484,0.87738,0.001043,0.001043,0.001043
147,527.728,0.69532,0.38284,0.86315,0.89697,0.94879,0.94716,0.74211,0.86429,0.44622,0.88299,0.0010364,0.0010364,0.0010364
148,530.407,0.70092,0.37011,0.85634,0.89899,0.94595,0.94984,0.75256,0.8299,0.44677,0.87584,0.0010298,0.0010298,0.0010298
149,532.897,0.69212,0.3667,0.85843,0.89862,0.94576,0.95246,0.74415,0.87505,0.4408,0.88563,0.0010232,0.0010232,0.0010232
150,535.427,0.67473,0.36149,0.85456,0.89975,0.94811,0.94983,0.74509,0.86028,0.43686,0.88398,0.0010166,0.0010166,0.0010166
151,537.865,0.67509,0.35684,0.85556,0.8957,0.94946,0.93921,0.72785,0.87689,0.45245,0.88846,0.00101,0.00101,0.00101
152,540.384,0.69828,0.36905,0.86297,0.89489,0.94603,0.9325,0.72787,0.85544,0.45451,0.8819,0.0010034,0.0010034,0.0010034
153,542.911,0.70782,0.37199,0.85849,0.89371,0.94707,0.94069,0.73716,0.85526,0.44794,0.88237,0.0009968,0.0009968,0.0009968
154,545.512,0.68818,0.35211,0.85262,0.89554,0.94416,0.94687,0.74242,0.85481,0.45439,0.8821,0.0009902,0.0009902,0.0009902
155,548.06,0.67684,0.35521,0.85534,0.9015,0.93989,0.95253,0.7449,0.8729,0.45012,0.88532,0.0009836,0.0009836,0.0009836
156,550.642,0.67059,0.34877,0.854,0.90696,0.94104,0.95563,0.75613,0.84221,0.43324,0.87944,0.000977,0.000977,0.000977
157,553.168,0.6999,0.36666,0.8595,0.90187,0.94655,0.95548,0.75095,0.86333,0.43605,0.88392,0.0009704,0.0009704,0.0009704
158,555.769,0.70016,0.373,0.86299,0.89776,0.94894,0.95101,0.74715,0.85418,0.43944,0.87955,0.0009638,0.0009638,0.0009638
159,558.271,0.68487,0.35994,0.85521,0.89663,0.94714,0.94271,0.74012,0.84575,0.4483,0.87911,0.0009572,0.0009572,0.0009572
160,560.871,0.69366,0.36031,0.86288,0.89674,0.94552,0.94377,0.74345,0.83455,0.43946,0.87656,0.0009506,0.0009506,0.0009506
161,563.458,0.70581,0.37266,0.86521,0.89743,0.94723,0.94876,0.74578,0.84967,0.43618,0.88022,0.000944,0.000944,0.000944
162,565.967,0.68632,0.35307,0.85468,0.89396,0.94488,0.94701,0.74389,0.85268,0.44571,0.88213,0.0009374,0.0009374,0.0009374
163,568.406,0.70211,0.36634,0.8611,0.89505,0.94156,0.94327,0.73722,0.85845,0.44709,0.88223,0.0009308,0.0009308,0.0009308
164,571.039,0.68522,0.36989,0.85892,0.90011,0.94644,0.95046,0.75133,0.8388,0.4313,0.87871,0.0009242,0.0009242,0.0009242
165,573.514,0.6843,0.35512,0.86149,0.89831,0.94989,0.9512,0.75441,0.82604,0.42642,0.87546,0.0009176,0.0009176,0.0009176
166,576.115,0.6578,0.34634,0.85343,0.89923,0.94759,0.95167,0.74932,0.84455,0.43155,0.87849,0.000911,0.000911,0.000911
167,578.757,0.68294,0.35276,0.86045,0.90065,0.94556,0.95209,0.75513,0.82725,0.43243,0.87479,0.0009044,0.0009044,0.0009044
168,581.3,0.66725,0.35253,0.85176,0.89846,0.94624,0.94902,0.74684,0.84642,0.43528,0.87919,0.0008978,0.0008978,0.0008978
169,583.754,0.67188,0.35205,0.85013,0.89673,0.94722,0.94511,0.74474,0.84274,0.44102,0.87841,0.0008912,0.0008912,0.0008912
170,586.328,0.67869,0.35425,0.84836,0.89675,0.94749,0.94205,0.73424,0.87283,0.44593,0.88652,0.0008846,0.0008846,0.0008846
171,588.798,0.68615,0.36068,0.8546,0.89881,0.94613,0.94858,0.74374,0.8616,0.44489,0.88417,0.000878,0.000878,0.000878
172,591.382,0.66199,0.34563,0.84816,0.89771,0.94769,0.95192,0.74681,0.86081,0.44475,0.88582,0.0008714,0.0008714,0.0008714
173,593.907,0.67408,0.35294,0.85273,0.89709,0.94956,0.94968,0.74652,0.85441,0.44327,0.88502,0.0008648,0.0008648,0.0008648
174,596.49,0.6645,0.34875,0.84569,0.89678,0.9478,0.9446,0.73452,0.8747,0.45672,0.88638,0.0008582,0.0008582,0.0008582
175,599.066,0.65044,0.33943,0.85003,0.89645,0.94769,0.94493,0.74322,0.84802,0.45024,0.88056,0.0008516,0.0008516,0.0008516
176,601.614,0.71185,0.36738,0.85809,0.89866,0.94617,0.94494,0.73502,0.88157,0.44745,0.89063,0.000845,0.000845,0.000845
177,604.117,0.66132,0.33706,0.85225,0.89638,0.94457,0.93979,0.73422,0.85701,0.45257,0.8827,0.0008384,0.0008384,0.0008384
178,606.604,0.64216,0.33761,0.85556,0.89545,0.94416,0.94768,0.74428,0.85493,0.44054,0.88271,0.0008318,0.0008318,0.0008318
179,609.115,0.66813,0.34518,0.86207,0.89677,0.94748,0.94876,0.74853,0.84036,0.43206,0.87992,0.0008252,0.0008252,0.0008252
180,611.726,0.67825,0.35177,0.85341,0.89688,0.9461,0.94429,0.73211,0.87296,0.44437,0.88863,0.0008186,0.0008186,0.0008186
181,614.15,0.66958,0.35194,0.85377,0.89777,0.94801,0.94592,0.74522,0.83892,0.43205,0.87843,0.000812,0.000812,0.000812
182,616.682,0.68499,0.35241,0.85408,0.89764,0.94385,0.93977,0.72908,0.89026,0.45001,0.89185,0.0008054,0.0008054,0.0008054
183,619.205,0.67671,0.35452,0.85234,0.89626,0.94592,0.94003,0.73472,0.8732,0.44772,0.88814,0.0007988,0.0007988,0.0007988
184,621.744,0.67337,0.34582,0.85437,0.89419,0.95004,0.94941,0.74119,0.87916,0.43562,0.89014,0.0007922,0.0007922,0.0007922
185,624.301,0.68113,0.35325,0.85044,0.89609,0.94882,0.95012,0.74536,0.86228,0.43544,0.8851,0.0007856,0.0007856,0.0007856
186,626.886,0.67739,0.35207,0.85269,0.8973,0.94766,0.94862,0.73954,0.87279,0.44616,0.88531,0.000779,0.000779,0.000779
187,629.4,0.65567,0.34063,0.85559,0.89722,0.94773,0.95213,0.7538,0.83841,0.43233,0.87742,0.0007724,0.0007724,0.0007724
188,632.009,0.67256,0.34821,0.85556,0.89648,0.94743,0.94979,0.74421,0.86973,0.43311,0.88554,0.0007658,0.0007658,0.0007658
189,634.447,0.64714,0.34009,0.85356,0.89348,0.94906,0.94544,0.7454,0.84622,0.43506,0.88064,0.0007592,0.0007592,0.0007592
190,636.948,0.65338,0.34831,0.84569,0.89074,0.95019,0.9426,0.73366,0.87414,0.449,0.88788,0.0007526,0.0007526,0.0007526
191,639.465,0.67087,0.3471,0.85587,0.89238,0.9494,0.94919,0.75107,0.83453,0.44028,0.87728,0.000746,0.000746,0.000746
192,642.017,0.65678,0.34192,0.8568,0.90609,0.93812,0.95479,0.75476,0.84361,0.42825,0.87896,0.0007394,0.0007394,0.0007394
193,644.638,0.66098,0.34509,0.85057,0.91707,0.93875,0.95726,0.75908,0.83721,0.41439,0.87717,0.0007328,0.0007328,0.0007328
194,647.185,0.67145,0.3568,0.84688,0.91115,0.94384,0.95655,0.75323,0.85545,0.42337,0.8797,0.0007262,0.0007262,0.0007262
195,649.702,0.68239,0.34724,0.85353,0.89846,0.95147,0.95264,0.7544,0.83654,0.42307,0.87665,0.0007196,0.0007196,0.0007196
196,652.209,0.66193,0.34186,0.84519,0.89941,0.94884,0.94268,0.74295,0.84032,0.43779,0.87883,0.000713,0.000713,0.000713
197,654.719,0.64399,0.33277,0.84929,0.89869,0.94936,0.94047,0.7409,0.83967,0.43735,0.87901,0.0007064,0.0007064,0.0007064
198,657.281,0.67526,0.34468,0.85601,0.89632,0.95121,0.94549,0.7441,0.84899,0.43743,0.8822,0.0006998,0.0006998,0.0006998
199,659.913,0.67277,0.34654,0.85272,0.89481,0.95216,0.94732,0.74852,0.84312,0.43299,0.88138,0.0006932,0.0006932,0.0006932
200,662.511,0.66165,0.34488,0.84153,0.89348,0.95249,0.94776,0.74672,0.85161,0.43199,0.88243,0.0006866,0.0006866,0.0006866
201,664.946,0.65521,0.3393,0.84686,0.89404,0.95092,0.94176,0.73945,0.85144,0.43767,0.88144,0.00068,0.00068,0.00068
202,667.491,0.68274,0.34772,0.85479,0.89393,0.94748,0.93656,0.72872,0.87925,0.44926,0.88883,0.0006734,0.0006734,0.0006734
203,669.946,0.65491,0.34322,0.84745,0.8951,0.94596,0.93865,0.73184,0.86904,0.44783,0.88912,0.0006668,0.0006668,0.0006668
204,672.48,0.64975,0.34274,0.84695,0.89573,0.94353,0.94266,0.72717,0.90868,0.44708,0.89959,0.0006602,0.0006602,0.0006602
205,675.076,0.66582,0.34133,0.8495,0.89645,0.94197,0.94386,0.74037,0.86174,0.43718,0.88742,0.0006536,0.0006536,0.0006536
206,677.687,0.65403,0.33511,0.84814,0.89838,0.94147,0.94286,0.73487,0.87443,0.43635,0.88806,0.000647,0.000647,0.000647
207,680.142,0.63617,0.32203,0.85346,0.89933,0.94343,0.9423,0.74069,0.84793,0.4337,0.88236,0.0006404,0.0006404,0.0006404
208,682.696,0.67065,0.34767,0.85201,0.8972,0.94509,0.94257,0.73691,0.86857,0.44301,0.8868,0.0006338,0.0006338,0.0006338
209,685.172,0.65617,0.34008,0.85474,0.89565,0.94617,0.94212,0.74295,0.84101,0.43971,0.88033,0.0006272,0.0006272,0.0006272
210,687.691,0.63692,0.32877,0.84591,0.89709,0.94825,0.94696,0.74359,0.85981,0.43963,0.88391,0.0006206,0.0006206,0.0006206
211,690.258,0.66147,0.3379,0.84635,0.89743,0.94717,0.94951,0.75343,0.83484,0.43523,0.87783,0.000614,0.000614,0.000614
212,692.948,0.65821,0.33603,0.84648,0.89694,0.94676,0.94968,0.74363,0.86246,0.44018,0.88663,0.0006074,0.0006074,0.0006074
213,695.514,0.65663,0.33097,0.85025,0.89712,0.9478,0.94866,0.74462,0.85499,0.43957,0.88515,0.0006008,0.0006008,0.0006008
214,698.061,0.65856,0.33865,0.84914,0.89585,0.94894,0.94636,0.73725,0.8747,0.44875,0.88931,0.0005942,0.0005942,0.0005942
215,700.53,0.63745,0.32753,0.84395,0.89492,0.94939,0.94896,0.7401,0.8773,0.4435,0.88841,0.0005876,0.0005876,0.0005876
216,703.041,0.64101,0.32908,0.84621,0.89581,0.94915,0.95002,0.75204,0.8414,0.43307,0.87894,0.000581,0.000581,0.000581
217,705.575,0.66802,0.33786,0.848,0.89578,0.94998,0.94963,0.74209,0.87167,0.44533,0.88616,0.0005744,0.0005744,0.0005744
218,708.191,0.67634,0.34338,0.85863,0.89657,0.94613,0.94853,0.74665,0.84991,0.43904,0.88229,0.0005678,0.0005678,0.0005678
219,710.741,0.62271,0.32631,0.84502,0.89661,0.94603,0.94881,0.74541,0.8577,0.43338,0.88307,0.0005612,0.0005612,0.0005612
220,713.254,0.66036,0.33446,0.84975,0.89839,0.94525,0.94943,0.75292,0.84063,0.43037,0.87906,0.0005546,0.0005546,0.0005546
221,715.754,0.65756,0.3382,0.8511,0.89953,0.9452,0.95048,0.74616,0.86095,0.43023,0.88472,0.000548,0.000548,0.000548
222,718.257,0.66534,0.33801,0.85453,0.89922,0.9453,0.94981,0.74793,0.85452,0.43044,0.88415,0.0005414,0.0005414,0.0005414
223,720.784,0.63794,0.32589,0.84598,0.90036,0.94384,0.95045,0.7517,0.84472,0.42672,0.88156,0.0005348,0.0005348,0.0005348
224,723.321,0.66616,0.33573,0.85221,0.89864,0.9441,0.95146,0.75528,0.83539,0.42532,0.87851,0.0005282,0.0005282,0.0005282
225,725.873,0.63977,0.3248,0.84771,0.89953,0.94551,0.9539,0.75847,0.83334,0.42204,0.87802,0.0005216,0.0005216,0.0005216
226,728.453,0.62808,0.32315,0.84726,0.89904,0.94811,0.95395,0.75642,0.84053,0.41635,0.88011,0.000515,0.000515,0.000515
227,730.927,0.65817,0.33372,0.85089,0.89453,0.94967,0.94893,0.74958,0.84388,0.42437,0.88126,0.0005084,0.0005084,0.0005084
228,733.444,0.64492,0.32931,0.8428,0.89006,0.94728,0.93893,0.73477,0.86185,0.442,0.8855,0.0005018,0.0005018,0.0005018
229,735.925,0.65036,0.33629,0.84247,0.89251,0.94759,0.94196,0.74034,0.85588,0.43263,0.88391,0.0004952,0.0004952,0.0004952
230,738.45,0.65359,0.33216,0.85038,0.89746,0.94551,0.94688,0.75029,0.83998,0.42483,0.87855,0.0004886,0.0004886,0.0004886
231,741.026,0.6518,0.33196,0.84515,0.89802,0.94592,0.94794,0.74846,0.84809,0.43009,0.87983,0.000482,0.000482,0.000482
232,743.678,0.63932,0.32783,0.84667,0.89572,0.94865,0.94986,0.74759,0.85725,0.43088,0.88348,0.0004754,0.0004754,0.0004754
233,746.181,0.61071,0.31906,0.84085,0.89324,0.94755,0.95076,0.74803,0.85889,0.43565,0.8859,0.0004688,0.0004688,0.0004688
234,748.735,0.64088,0.331,0.84487,0.8935,0.94658,0.95223,0.74784,0.86372,0.44355,0.88725,0.0004622,0.0004622,0.0004622
235,751.229,0.64734,0.33292,0.84689,0.89521,0.948,0.95379,0.74517,0.88367,0.4368,0.89232,0.0004556,0.0004556,0.0004556
236,753.766,0.65198,0.33194,0.84647,0.89675,0.94956,0.95503,0.75561,0.84979,0.42294,0.88478,0.000449,0.000449,0.000449
237,756.366,0.6321,0.32647,0.84296,0.89841,0.94906,0.95522,0.75361,0.85855,0.4244,0.8851,0.0004424,0.0004424,0.0004424
238,758.973,0.63226,0.32475,0.84231,0.89736,0.94873,0.95464,0.75426,0.85635,0.41852,0.88456,0.0004358,0.0004358,0.0004358
239,761.505,0.64227,0.33667,0.84824,0.89768,0.9479,0.95303,0.75689,0.84059,0.41887,0.88079,0.0004292,0.0004292,0.0004292
240,764.03,0.63554,0.32596,0.84337,0.89452,0.94884,0.95086,0.75452,0.84179,0.42327,0.88049,0.0004226,0.0004226,0.0004226
241,766.56,0.6247,0.32527,0.83693,0.89537,0.94871,0.94934,0.75111,0.85024,0.4275,0.88198,0.000416,0.000416,0.000416
242,769.095,0.6263,0.3226,0.84257,0.89676,0.94846,0.95048,0.74614,0.87034,0.42672,0.88699,0.0004094,0.0004094,0.0004094
243,771.606,0.64284,0.32794,0.84753,0.89687,0.94863,0.95227,0.75305,0.85159,0.41965,0.88217,0.0004028,0.0004028,0.0004028
244,774.211,0.63258,0.32291,0.8425,0.89744,0.94925,0.95279,0.75628,0.84397,0.41632,0.87912,0.0003962,0.0003962,0.0003962
245,776.736,0.64377,0.32841,0.84789,0.89695,0.94948,0.95243,0.7562,0.84238,0.4198,0.87839,0.0003896,0.0003896,0.0003896
246,779.323,0.6163,0.31662,0.84259,0.89793,0.94665,0.95052,0.75414,0.83946,0.42354,0.87778,0.000383,0.000383,0.000383
247,781.791,0.64334,0.32589,0.84963,0.89647,0.94748,0.9506,0.75382,0.84053,0.4211,0.87913,0.0003764,0.0003764,0.0003764
248,784.271,0.62092,0.31847,0.84639,0.89702,0.94925,0.95212,0.74843,0.86633,0.42393,0.88662,0.0003698,0.0003698,0.0003698
249,786.774,0.64462,0.32837,0.84808,0.89641,0.94967,0.95251,0.75257,0.85228,0.42394,0.8834,0.0003632,0.0003632,0.0003632
250,789.363,0.62314,0.31994,0.84576,0.8959,0.94936,0.9521,0.75588,0.83931,0.42069,0.87988,0.0003566,0.0003566,0.0003566
251,791.877,0.62738,0.3179,0.84486,0.89673,0.94814,0.95085,0.75241,0.85054,0.42694,0.88207,0.00035,0.00035,0.00035
252,794.441,0.64274,0.32775,0.84896,0.89766,0.94509,0.94594,0.74769,0.84789,0.4297,0.88114,0.0003434,0.0003434,0.0003434
253,796.922,0.64899,0.3308,0.85105,0.89679,0.94655,0.94517,0.74765,0.8423,0.42714,0.88012,0.0003368,0.0003368,0.0003368
254,799.451,0.63301,0.3226,0.84806,0.8963,0.94998,0.95194,0.75509,0.84052,0.41967,0.88081,0.0003302,0.0003302,0.0003302
255,801.903,0.63155,0.32021,0.84818,0.89617,0.94998,0.95334,0.75199,0.85333,0.42081,0.88282,0.0003236,0.0003236,0.0003236
256,804.471,0.61675,0.31591,0.83969,0.89626,0.95052,0.95306,0.75223,0.85389,0.42366,0.884,0.000317,0.000317,0.000317
257,807.003,0.66885,0.33241,0.84902,0.89677,0.9505,0.95337,0.75327,0.85467,0.42636,0.88401,0.0003104,0.0003104,0.0003104
258,809.626,0.63687,0.33563,0.84071,0.89644,0.95064,0.95455,0.7554,0.85332,0.42008,0.88274,0.0003038,0.0003038,0.0003038
259,812.128,0.64305,0.33846,0.84118,0.89567,0.94998,0.95462,0.75749,0.84561,0.41686,0.88095,0.0002972,0.0002972,0.0002972
260,814.635,0.62385,0.31798,0.83992,0.89727,0.948,0.95537,0.75621,0.85417,0.42496,0.88187,0.0002906,0.0002906,0.0002906
261,817.216,0.6441,0.33116,0.84679,0.89845,0.94738,0.95562,0.75641,0.85111,0.42379,0.88154,0.000284,0.000284,0.000284
262,819.731,0.63455,0.32693,0.84913,0.89872,0.94957,0.95499,0.75501,0.8551,0.41658,0.88407,0.0002774,0.0002774,0.0002774
263,822.308,0.61413,0.31178,0.84315,0.89636,0.94979,0.95417,0.75097,0.86202,0.41972,0.88549,0.0002708,0.0002708,0.0002708
264,824.884,0.60205,0.31273,0.84294,0.89302,0.95112,0.95141,0.75113,0.85039,0.42442,0.88308,0.0002642,0.0002642,0.0002642
265,827.436,0.65487,0.32907,0.84764,0.89164,0.95244,0.94977,0.74818,0.85916,0.42665,0.8853,0.0002576,0.0002576,0.0002576
266,829.972,0.61672,0.31279,0.84201,0.89467,0.94954,0.94875,0.74126,0.87961,0.43004,0.89059,0.000251,0.000251,0.000251
267,832.45,0.60535,0.30728,0.83433,0.89402,0.94988,0.94783,0.74815,0.85078,0.42714,0.88344,0.0002444,0.0002444,0.0002444
268,834.962,0.62095,0.31678,0.84413,0.89454,0.95029,0.94791,0.74814,0.8521,0.43011,0.88394,0.0002378,0.0002378,0.0002378
269,837.497,0.63892,0.32201,0.84451,0.89608,0.94873,0.94734,0.74227,0.86977,0.43151,0.88783,0.0002312,0.0002312,0.0002312
270,840.083,0.63753,0.32265,0.8491,0.89604,0.94821,0.94518,0.74522,0.85455,0.42715,0.8844,0.0002246,0.0002246,0.0002246
271,842.696,0.63011,0.31701,0.84415,0.89582,0.94876,0.94618,0.74864,0.84918,0.42646,0.8831,0.000218,0.000218,0.000218
272,845.226,0.61486,0.312,0.84041,0.89729,0.9476,0.94993,0.75076,0.85316,0.42477,0.88252,0.0002114,0.0002114,0.0002114
273,847.712,0.61408,0.31178,0.83922,0.89769,0.94842,0.9529,0.75394,0.84973,0.42055,0.88131,0.0002048,0.0002048,0.0002048
274,850.208,0.60131,0.31151,0.83455,0.89885,0.94908,0.95519,0.75757,0.84579,0.41469,0.88064,0.0001982,0.0001982,0.0001982
275,852.697,0.63409,0.31875,0.84311,0.89647,0.9504,0.95585,0.75721,0.85482,0.41542,0.88342,0.0001916,0.0001916,0.0001916
276,855.339,0.61616,0.31737,0.84031,0.89732,0.94972,0.95531,0.75734,0.84988,0.41871,0.88286,0.000185,0.000185,0.000185
277,857.907,0.6184,0.31026,0.83813,0.89768,0.94882,0.95441,0.75558,0.85184,0.42207,0.88337,0.0001784,0.0001784,0.0001784
278,860.429,0.60746,0.31,0.83732,0.89707,0.94946,0.95258,0.75565,0.84716,0.42332,0.88256,0.0001718,0.0001718,0.0001718
279,862.885,0.60507,0.30543,0.84367,0.8965,0.94856,0.95135,0.75425,0.84744,0.42623,0.88343,0.0001652,0.0001652,0.0001652
280,865.471,0.63692,0.3155,0.84455,0.89639,0.94873,0.95116,0.75045,0.85723,0.42848,0.88507,0.0001586,0.0001586,0.0001586
281,867.915,0.60893,0.31,0.84198,0.89618,0.94904,0.95231,0.75274,0.85568,0.4263,0.88432,0.000152,0.000152,0.000152
282,870.555,0.62334,0.31568,0.84139,0.89491,0.94938,0.95299,0.75323,0.8554,0.42489,0.88489,0.0001454,0.0001454,0.0001454
283,873.172,0.61459,0.3089,0.83973,0.89512,0.94881,0.95278,0.75259,0.85647,0.42341,0.88513,0.0001388,0.0001388,0.0001388
284,875.758,0.6245,0.31566,0.8392,0.8945,0.94967,0.95186,0.74771,0.87045,0.42366,0.88837,0.0001322,0.0001322,0.0001322
285,878.333,0.6318,0.32119,0.84038,0.89455,0.95015,0.95125,0.7483,0.86674,0.42205,0.8871,0.0001256,0.0001256,0.0001256
286,880.889,0.62817,0.31685,0.84482,0.89616,0.94946,0.95125,0.75277,0.85076,0.42053,0.8837,0.000119,0.000119,0.000119
287,883.376,0.61917,0.31209,0.84221,0.89609,0.94887,0.95114,0.75298,0.85382,0.42306,0.88471,0.0001124,0.0001124,0.0001124
288,885.922,0.6155,0.31662,0.84171,0.89629,0.95,0.95158,0.75141,0.8614,0.42439,0.88586,0.0001058,0.0001058,0.0001058
289,888.577,0.64318,0.32161,0.84641,0.89631,0.94967,0.95226,0.75185,0.85941,0.42143,0.88496,9.92e-05,9.92e-05,9.92e-05
290,891.207,0.62173,0.3141,0.83939,0.89717,0.94818,0.95302,0.75556,0.85087,0.4168,0.88338,9.26e-05,9.26e-05,9.26e-05
291,895.848,0.61864,0.31037,0.84536,0.89744,0.94643,0.95217,0.75517,0.8436,0.41587,0.88162,8.6e-05,8.6e-05,8.6e-05
292,898.558,0.6042,0.30608,0.83374,0.8975,0.94624,0.95091,0.75303,0.84388,0.41487,0.88099,7.94e-05,7.94e-05,7.94e-05
293,901.069,0.60035,0.30768,0.84057,0.89528,0.94821,0.95037,0.7509,0.848,0.41587,0.88209,7.28e-05,7.28e-05,7.28e-05
